RepeaterID,trustee,operator,output_freq,offset,offset_freq,pl,dcs,Club,Descr,lng,lat,City,State,ZIP,range,Notes,Tags,rpt_type,LastUpdate,Country,rxheight,rxgain,txheight,txgain,txpower
"12638","W5AC","",146.82,"-",-0.6,88.5,0,"","",-96.3367094099521,30.6177341048323,"College Station","TX","",30,"",""," ","2011-05-19 01:39:24","USA",0,0,0,0,0
"12636","kz5m","",146.62,"-",-0.6,88.5,0,"","",-96.2979984283447,30.5044485926566,"College Station","TX","",20,"",""," ","2011-08-18 01:29:40","USA",0,0,0,0,0
"5367","W5AC","",443.325,"+",5,110.9,0,"","",-96.334167,30.627778,"College Station","TX","",20,"",""," ","2009-12-27 15:57:23","USA",0,0,0,0,0
"5366","W5AC","",443.05,"+",5,88.5,0,"","",-96.334167,30.627778,"College Station","TX","",20,"",""," ","2009-12-27 15:57:23","USA",0,0,0,0,0
"5368","N1WP","",444.55,"+",5,127.3,0,"","",-96.334167,30.627778,"College Station","TX","",20,"",""," ","2009-12-27 15:57:23","USA",0,0,0,0,0
"12637","W5BCS","",146.68,"-",-0.6,88.5,0,"","",-96.334167,30.627778,"College Station","TX","",30,"",""," ","2009-12-27 15:57:23","USA",0,0,0,0,0
"12579","NQ5D","",147.12,"+",0.6,123,0,"","",-95.949167,30.775556,"Bedias","TX","",30,"",""," ","2009-12-27 15:57:23","USA",0,0,0,0,0
"27510","w5pyt","",444,"+",5,103.5,0,"","",-95.9954452515,30.4880301203,"anderson","tx","77830",40,"",""," ","2013-07-01 06:36:59","",300,9,300,9,75
"5338","KD5DLW","",443.45,"+",5,127.3,0,"","",-96.369722,30.674167,"Bryan","TX","",20,"",""," ","2009-12-27 15:57:23","USA",0,0,0,0,0
"5339","KC5HHN","",444.2,"+",5,127.3,0,"","",-96.369722,30.674167,"Bryan","TX","",20,"",""," ","2009-12-27 15:57:23","USA",0,0,0,0,0
"5337","W5DZ","",443.4,"+",5,162.2,0,"","",-96.369722,30.674167,"Bryan","TX","",20,"",""," ","2009-12-27 15:57:23","USA",0,0,0,0,0
"12755","N5MZQ","N5MZQ/R",147.22,"+",0.6,114.8,0,"","",-96.936111,30.1825,"Giddings","TX","78942",60,"",""," ","2010-01-07 17:38:26","USA",500,9,500,9,50
"13101","W5HBH","",147.1,"+",0.6,88.5,0,"","",-96.389722,30.8975,"Wheelock","TX","",30,"",""," ","2009-12-27 15:57:23","USA",0,0,0,0,0
"26223","W5KVN","W5KVN/R",146.96,"-",-6,85.4,0,"","",-96.351572515,30.9748862789,"FRAKLIN","TX","",30,"","","H","2010-04-29 16:41:25","USA",95,6,95,6,85
"15946","KE5LVI","KE5URD",147.02,"+",0.6,123,0,"MILAM COUNTY ARES","",-96.97555,30.850327,"CAMERON","TX","76520",35,"",""," ","2010-01-05 13:31:33","USA",150,9,150,9,50
"12907","WB5YFX","",145.39,"-",-0.6,146.2,0,"NFLARC","",-96.544075012207,31.7520134147456,"Mexia","TX","",50,"",""," ","2012-03-09 00:46:33","USA",60,6,60,6,25
"12789","W5ZDN","",146.98,"-",-0.6,0,0,"","",-97.195556,31.462222,"Hewitt","TX","",30,"",""," ","2009-12-27 15:57:23","USA",0,0,0,0,0
"26145","W5BEC","W5BEC",147.14,"+",0.6,123,0,"","Bell County EOC ",-97.26,31.285,"Eddy","TX","",100,"",""," ","2010-03-13 23:35:09","USA",1,6,1,6,0
"12922","W5ZDN","",145.15,"-",-0.6,0,0,"","",-97.355,31.306667,"Moody","TX","",30,"",""," ","2009-12-27 15:57:23","USA",0,0,0,0,0
"5336","W5NCD","",442.3,"+",5,0,0,"","",-97.236389,31.319167,"Bruceville","TX","",20,"",""," ","2009-12-27 15:57:23","USA",0,0,0,0,0
"12605","W5NCD","",147.24,"+",0.6,97.4,0,"","",-97.236389,31.319167,"Bruceville","TX","",30,"",""," ","2009-12-27 15:57:23","USA",0,0,0,0,0
"13059","N5ZXJ","N5ZXJ",145.31,"-",-0.6,123,0,"","",-97.320671081543,31.3003715883231,"Moody","TX","76524",75,"",""," ","2010-01-04 12:15:38","USA",1550,9,1550,9,25
"12688","W5BEC","W5BEC ",147.14,"+",0.6,123,0,"Bell County EOC","",-97.2207748889923,31.2734983651185,"Eddy","TX","76524",75,"",""," ","2010-01-04 09:05:37","USA",1680,9,1680,9,25
"5814","AA5RT","",444.15,"+",5,123,0,"","",-97.146389,31.549167,"Waco","TX","",20,"",""," ","2009-12-27 15:57:23","USA",0,0,0,0,0
"5815","KC5AEL","",444.675,"+",5,0,0,"","",-97.146389,31.549167,"Waco","TX","",20,"",""," ","2009-12-27 15:57:23","USA",0,0,0,0,0
"5816","AA5RT","",444.725,"+",5,123,0,"","",-97.146389,31.549167,"Waco","TX","",20,"",""," ","2009-12-27 15:57:23","USA",0,0,0,0,0
"5812","WA5BU","",442.45,"+",5,0,0,"","",-97.146389,31.549167,"Waco","TX","",20,"",""," ","2009-12-27 15:57:23","USA",0,0,0,0,0
"13089","AA5RT","",146.66,"-",-0.6,123,0,"","",-97.146389,31.549167,"Waco","TX","",30,"",""," ","2009-12-27 15:57:23","USA",0,0,0,0,0
"13090","W5ZDN","",146.88,"-",-0.6,0,0,"","",-97.146389,31.549167,"Waco","TX","",30,"",""," ","2009-12-27 15:57:23","USA",0,0,0,0,0
"5813","W5ZDN","",442.875,"+",5,123,0,"","",-97.146389,31.549167,"Waco","TX","",20,"",""," ","2009-12-27 15:57:23","USA",0,0,0,0,0
"13091","WA5BU","",147.16,"+",0.6,0,0,"","",-97.146389,31.549167,"Waco","TX","",30,"",""," ","2009-12-27 15:57:23","USA",0,0,0,0,0
"13092","W5TSG","",147.32,"+",0.6,123.3,0,"","",-97.146389,31.549167,"Waco","TX","",30,"",""," ","2009-12-27 15:57:23","USA",0,0,0,0,0
"13093","AA5RT","",147.36,"+",0.6,123,0,"","",-97.146389,31.549167,"Waco","TX","",30,"",""," ","2009-12-27 15:57:23","USA",0,0,0,0,0
"12655","AE6GN","",145.725,"+",0.6,88.5,0,"","",-97.442778,31.534167,"Crawford","TX","",30,"",""," ","2009-12-27 15:57:23","USA",0,0,0,0,0
"12855","NZ5T","",146.62,"-",-0.6,123,0,"","",-97.38167,32.00926,"Lake Whitney","TX","",30,"",""," ","2009-12-27 15:57:23","USA",0,0,0,0,0
"5826","W5WK","",442.2,"+",5,103.5,0,"","",-97.321111,31.951667,"Whitney","TX","",20,"",""," ","2009-12-27 15:57:23","USA",0,0,0,0,0
"14695","Wq5B","",146.62,"-",-0.6,123,0,"NZ5T","",-97.319187,31.948498,"Whitney","Tx","76692",50,"",""," ","2009-12-27 15:57:23","USA",0,0,0,0,0
"5523","WB5YFX","",443.275,"+",5,123,0,"","",-97.129722,32.010833,"Hillsboro","TX","",20,"",""," ","2009-12-27 15:57:23","USA",0,0,0,0,0
"12790","WM5L","",146.78,"-",-0.6,0,0,"","",-97.129722,32.010833,"Hillsboro","TX","",30,"",""," ","2010-03-13 22:39:07","USA",0,0,0,0,0
"12653","KD5OXM","",145.29,"-",-0.6,146.2,146.2,"NFLARC","",-96.513669,32.090746,"Corsicana","TX","75110",60,"",""," ","2012-03-12 04:52:54","USA",450,6,450,6,20
"27498","n5swp","n5swp",147.08,"+",0.6,123,0,"","testing coverage",-97.4685573578,32.1461849611,"blum","tx","76627",35,"","","p","2013-06-11 01:53:31","usa",140,9,140,9,20
"5803","WS5J","",443.775,"+",5,110.9,0,"","",-97.102222,32.433333,"Venus","TX","",20,"",""," ","2009-12-27 15:57:23","USA",0,0,0,0,0
"13095","WD5DDH","",145.41,"-",-0.6,162.2,0,"","",-96.95,32.5,"Waxahachie","TX","",40,"",""," ","2010-03-13 23:12:24","USA",260,0,260,0,25
"5277","K5SLD","",444.2,"+",5,100,0,"K5SLD","",-97.061077,32.454431,"Arlington","TX","",20,"",""," ","2011-05-21 12:15:35","USA",0,0,0,0,0
"5258","WD5GIC","",443.225,"+",5,88.5,0,"","",-97.211389,32.406389,"Alvarado","TX","",20,"",""," ","2009-12-27 15:57:23","USA",0,0,0,0,0
"12531","K5AEC","",147.22,"+",0.6,110.9,0,"","",-97.211389,32.406389,"Alvarado","TX","",30,"",""," ","2009-12-27 15:57:23","USA",0,0,0,0,0
"20969","KM5R","",442.325,"+",5,0,0,"-","",-96.951101,32.58496,"Cedar Hill","TX","75104",50,"",""," ","2012-04-10 12:50:45","USA",0,0,1500,6,50
"23599","AI5TX","",443.5,"+",5,0,0,"-","",-96.951101,32.58496,"Cedar Hill","TX","",65,"",""," ","2010-01-06 16:17:56","US",1500,10,1500,10,100
"12623","W5AUY","",147.06,"+",0.6,0,0,"","",-96.955833,32.588333,"Cedar Hill","TX","",30,"",""," ","2009-12-27 15:57:23","USA",0,0,0,0,0
"12624","W5AHN","",147.26,"+",0.6,0,0,"","",-96.955833,32.588333,"Cedar Hill","TX","",30,"",""," ","2009-12-27 15:57:23","USA",0,0,0,0,0
"27051","K5RNB","",145.26,"-",-0.6,100,0,"","",-96.9702525436878,32.5893907740962,"Aubrey","TX","76227",70,"","","R","2013-01-11 14:15:35","USA",550,8,0,0,0
"5346","KY5O","",444,"+",5,136.5,0,"JCARA","",-97.3786926269531,32.3364598033374,"Cleburne ","TX","76031",45,"",""," ","2013-07-01 05:37:37","USA",550,9.2,550,9.2,50
"12631","KC5PGV","",145.49,"-",-0.6,88.5,0,"","",-97.386389,32.3475,"Cleburne","TX","",30,"",""," ","2009-12-27 15:57:23","USA",0,0,0,0,0
"5577","KC5PWQ","",443.125,"+",5,110.9,0,"","",-97.323611,32.396667,"Keene","TX","",20,"",""," ","2009-12-27 15:57:23","USA",0,0,0,0,0
"5443","N5VZE","",443.75,"+",5,0,0,"","",-97.301041,32.452411,"Egan","TX","",20,"",""," ","2009-12-27 15:57:23","USA",0,0,0,0,0
"5572","KC5PWS","",444.125,"+",5,88.5,0,"","",-97.387778,32.461389,"Joshua","TX","",20,"",""," ","2009-12-27 15:57:23","USA",0,0,0,0,0
"12714","AB5XD","",146," ",0,0,,"","",-97.288889,32.630833,"Everman","TX","",30,"",""," ","2009-12-27 15:57:23","USA",,,,,
"5462","AB5XD","",441.525,"+",5,110.9,0,"","",-97.288889,32.630833,"Everman","TX","",20,"",""," ","2009-12-27 15:57:23","USA",0,0,0,0,0
"12713","AB5XD","",145.25,"-",-0.6,0,0,"","",-97.288889,32.630833,"Everman","TX","",30,"",""," ","2009-12-27 15:57:23","USA",0,0,0,0,0
"12731","W5SH","",146.84,"-",-0.6,110.9,0,"","",-97.3811130534159,32.6289664560792,"Fort Worth","TX","",30,"",""," ","2012-04-18 22:34:43","USA",0,0,0,0,0
"5252","K5RHV","",443.9,"+",5,100,0,"","",-97.601944,32.695833,"Aledo","TX","",20,"",""," ","2009-12-27 15:57:23","USA",0,0,0,0,0
"5251","KA5HND","",443.2,"+",5,0,0,"","",-97.601944,32.695833,"Aledo","TX","",20,"",""," ","2009-12-27 15:57:23","USA",0,0,0,0,0
"12732","K5FTW","",146.94,"-",-0.6,110.9,0,"","",-97.3215025663376,32.7120870394317,"Fort Worth","TX","",30,"",""," ","2010-08-11 14:43:03","USA",640,0,640,0,50
"12729","K5FTW","",146.76,"-",-0.6,110.9,0,"","",-97.3214837908745,32.7120983234413,"Fort Worth","TX","",30,"",""," ","2010-01-04 09:23:09","USA",640,0,640,0,50
"5480","K5FTW","",444.1,"+",5,110.9,0,"","",-97.3214703798294,32.712111864251,"Fort Worth","TX","",20,"",""," ","2010-01-02 04:58:18","USA",640,0,640,0,25
"5482","WB5JHR","",444.525,"+",5,110.9,0,"","",-97.320556,32.725278,"Fort Worth","TX","76106",20,"",""," ","2009-12-27 15:57:23","USA",0,0,0,0,0
"5472","K5AMM","",441.675,"+",5,0,0,"","",-97.320556,32.725278,"Fort Worth","TX","",20,"",""," ","2009-12-27 15:57:23","USA",0,0,0,0,0
"5473","KA5PQK ","",442.125,"+",5,156.7,0,"","",-97.320556,32.725278,"Fort Worth","TX","",35,"",""," ","2010-09-18 16:33:51","USA",0,0,0,0,0
"5474","W5SJZ","",442.2,"+",5,0,0,"","",-97.320556,32.725278,"Fort Worth","TX","",20,"",""," ","2009-12-27 15:57:23","USA",0,0,0,0,0
"5475","KM5R","",442.225,"+",5,0,0,"","",-97.320556,32.725278,"Fort Worth","TX","",20,"",""," ","2009-12-27 15:57:23","USA",0,0,0,0,0
"5476","N5AUX","",442.375,"+",5,100,0,"","",-97.320556,32.725278,"Fort Worth","TX","",20,"",""," ","2009-12-27 15:57:23","USA",0,0,0,0,0
"5477","W5DFW","",442.975,"+",5,110.9,0,"","",-97.320556,32.725278,"Fort Worth","TX","",20,"",""," ","2009-12-27 15:57:23","USA",0,0,0,0,0
"5478","WD5GIC","",443.05,"+",5,88.5,0,"","",-97.320556,32.725278,"Fort Worth","TX","",20,"",""," ","2009-12-27 15:57:23","USA",0,0,0,0,0
"5479","N5PMB","",443.15,"+",5,110.9,0,"","",-97.320556,32.725278,"Fort Worth","TX","",20,"",""," ","2009-12-27 15:57:23","USA",0,0,0,0,0
"5481","K5MOT","",444.3,"+",5,110.9,0,"","",-97.320556,32.725278,"Fort Worth","TX","",20,"",""," ","2009-12-27 15:57:23","USA",0,0,0,0,0
"12730","W5URH","",146.8,"-",-0.6,110.9,0,"","",-97.320556,32.725278,"Fort Worth","TX","",30,"",""," ","2009-12-27 15:57:23","USA",0,0,0,0,0
"12728","W5URH","",146.68,"-",-0.6,110.9,0,"","",-97.320556,32.725278,"Fort Worth","TX","",30,"",""," ","2009-12-27 15:57:23","USA",0,0,0,0,0
"12726","KD5HOG","",145.25,"-",-0.6,110.9,0,"","",-97.320556,32.725278,"Fort Worth","TX","",30,"",""," ","2009-12-27 15:57:23","USA",0,0,0,0,0
"12725","K5FTW","",145.11,"-",-0.6,110.9,0,"","",-97.320556,32.725278,"Fort Worth","TX","",30,"",""," ","2009-12-27 15:57:23","USA",0,0,0,0,0
"26371","KA5GFH","KAFGFH / KA5PQK",442.125,"+",447.125,156.7,0,"","WRG Link System",-97.3208496,32.725409,"Fort Worth","TX","",30,"","","L","2010-09-18 16:11:47","USA",600,9,600,9,30
"12733","W5SJZ","",147.28,"+",0.6,0,0,"","",-97.4301921129882,32.7345664682342,"Fort Worth","TX","",30,"",""," ","2012-04-18 22:37:34","USA",0,0,0,0,0
"12546","K5SLD","",147.14,"+",0.6,0,0,"","",-97.107778,32.735556,"Arlington","TX","",30,"",""," ","2009-12-27 15:57:23","USA",0,0,0,0,0
"12545","WD5DBB","WD5DBB",146.86,"-",-0.6,110.9,0,"","",-97.107778,32.735556,"Arlington","TX","",30,"",""," ","2010-01-04 08:57:20","USA",420,9,420,9,100
"5276","WD5DBB","WD5DBB",443.4,"+",5,110.9,0,"","",-97.107778,32.735556,"Arlington","TX","",20,"",""," ","2010-01-02 03:39:55","USA",150,9,150,9,100
"19365","N4MSE","",443.45,"+",5,127.3,0,"","",-97.33,32.75,"Fort Worth","TX","76101",60,"",""," ","2010-11-03 13:04:32","US",900,0,900,0,0
"15975","N5UA","N5UA",442.975,"+",5,110.9,0,"N5UA","DFW Remote Base Association",-97.2621817591,32.7577936175,"Fort Worth","Texas","",30,"",""," ","2010-01-05 16:06:32","USA",300,9,300,9,110
"15974","N5CN","W5DFW",29.66,"-",-0.1,192.8,0,"W5DFW","DFW Remote Base Assoc.",-97.2616539022,32.7578297078,"Fort Worth","Texas","",110,"",""," ","2010-12-24 16:42:25","USA",300,0,300,3,350
"5483","AE5FZ","W5NRV",444.9,"+",5,110.9,0,"","",-97.2590178251266,32.7872068799906,"Fort Worth","TX","",29,"",""," ","2010-07-13 18:11:49","USA",400,0,400,9.9,40
"19303","AE5FZ","W5NRV",145.33,"-",-0.6,110.9,0,"-","",-97.2590339183808,32.7872113897898,"Fort Worth","TX","76101",29,"",""," ","2010-07-13 18:41:50","US",400,6,425,6,50
"5722","N5VAV","",441.85,"+",5,110.9,0,"","",-97.227778,32.815833,"Richland Hills","TX","",20,"",""," ","2009-12-27 15:57:23","USA",0,0,0,0,0
"12711","KD5QQQ","",147.01,"+",0.6,110.9,0,"","",-97.140556,32.817778,"Euless","TX","",30,"",""," ","2009-12-27 15:57:23","USA",0,0,0,0,0
"5460","KC5GVN","",441.325,"+",5,0,0,"","",-97.140556,32.817778,"Euless","TX","",20,"",""," ","2009-12-27 15:57:23","USA",0,0,0,0,0
"5563","K5JRR","",442.85,"+",5,0,0,"","",-97.170278,32.823333,"Hurst","TX","",20,"",""," ","2009-12-27 15:57:23","USA",0,0,0,0,0
"12824","N1BEN","",146.45," ",0,100,,"","",-97.170278,32.823333,"Hurst","TX","",30,"",""," ","2009-12-27 15:57:23","USA",,,,,
"5562","K5JRR","",441.925,"+",5,110.9,0,"","",-97.170278,32.823333,"Hurst","TX","",20,"",""," ","2009-12-27 15:57:23","USA",0,0,0,0,0
"5674","N5ABV","",442.775,"+",5,0,0,"","",-97.228611,32.834167,"N Richland Hills","TX","",20,"",""," ","2009-12-27 15:57:23","USA",0,0,0,0,0
"5675","W5URH","",443.6,"+",5,110.9,0,"","",-97.228611,32.834167,"N Richland Hills","TX","",20,"",""," ","2009-12-27 15:57:23","USA",0,0,0,0,0
"5673","N5TWL","",441.75,"+",5,100,0,"","",-97.228611,32.834167,"N Richland Hills","TX","",20,"",""," ","2009-12-27 15:57:23","USA",0,0,0,0,0
"2385","N4MSE","",444.025,"+",5,127.3,0,"","",-96.803756,32.780022,"Dallas","TX","",60,"",""," ","2010-11-03 12:34:33","USA",825,0,900,0,0
"12667","W5EBQ","",146.7,"-",-0.6,110.9,0,"","",-96.8,32.783333,"Dallas","TX","",57,"",""," ","2010-12-24 16:11:59","USA",921,6,921,6,100
"14564","AB5RM","",145.31,"-",-0.6,162.2,0,"Mesquite Ham Radio ASSN","",-96.6346988081932,32.762814541782,"Mesquite","TX","75149",50,"",""," ","2010-01-04 22:00:48","USA",320,0,320,0,50
"5311","N5VAV","",442.825,"+",5,110.9,0,"","",-97.142778,32.843889,"Bedford","TX","",20,"",""," ","2009-12-27 15:57:23","USA",0,0,0,0,0
"5310","KA5SYL","",442.3,"+",5,103.5,0,"","",-97.142778,32.843889,"Bedford","TX","",20,"",""," ","2009-12-27 15:57:23","USA",0,0,0,0,0
"5817","W7YC","",444.575,"+",5,110.9,0,"","",-97.254444,32.857778,"Watauga","TX","",20,"",""," ","2009-12-27 15:57:23","USA",0,0,0,0,0
"5818","W5URH","",444.625,"+",5,110.9,0,"","",-97.254444,32.857778,"Watauga","TX","",20,"",""," ","2009-12-27 15:57:23","USA",0,0,0,0,0
"12936","W5FA","",145.37,"-",-0.6,110.9,0,"","",-97.217958,32.860079,"North Richland","TX","",30,"",""," ","2009-12-27 15:57:23","USA",0,0,0,0,0
"12826","WA5CKF","",146.72,"-",-0.6,110.9,0,"","",-96.948611,32.813889,"Irving","TX","",30,"",""," ","2009-12-27 15:57:23","USA",0,0,0,0,0
"5404","W5EBQ","",441.925,"+",5,0,0,"","",-96.8,32.783333,"Dallas","TX","",55,"",""," ","2010-12-24 15:41:43","USA",921,6,921,6,100
"12745","K5QHD","K5QHD",146.66,"-",-0.6,110.9,0,"Garland ARC","Garland Amateur Radio Club",-96.5936,32.8523,"Garland","TX","75040",50,"",""," ","2011-07-06 10:12:37","USA",400,12,400,0,40
"5643","KA5PQK","",444.425,"+",5,156.7,0,"","",-96.598889,32.766667,"Mesquite","TX","",50,"",""," ","2010-09-18 16:06:58","USA",0,0,0,0,0
"5370","N5SVZ","",442.95,"+",5,110.9,0,"","",-97.154722,32.880833,"Colleyville","TX","",20,"",""," ","2009-12-27 15:57:23","USA",0,0,0,0,0
"5369","W5RV","",441.9,"+",5,110.9,0,"","",-97.154722,32.880833,"Colleyville","TX","",20,"",""," ","2009-12-27 15:57:23","USA",0,0,0,0,0
"15976","KA0BRN","KA0BRN",443.225,"+",5,110.9,0,"","DFW Remote Base Association",-97.229910492897,32.8758073053847,"North Richland Hills","Texas","",20,"",""," ","2010-11-01 17:12:05","USA",50,11.5,50,11.5,100
"12727","W5FA","",145.43,"-",-0.6,0,0,"","",-97.2756958007812,32.8726670543618,"Richland Hills","TX","",30,"",""," ","2009-12-27 15:57:23","USA",0,0,0,0,0
"26092","N5ERS","",927.875,"-",-25,103.5,0,"","",-97.0544242859,32.981380144,"Flower Mound","TX","",20,"",""," ","2010-01-06 15:51:19","USA",300,7,300,7,100
"26093","N5ERS","",145.23,"-",-0.6,110.9,0,"","",-97.054424,32.98138,"Flower Mound","TX","",20,"",""," ","2010-01-06 19:52:14","USA",0,0,0,0,0
"12645","KA1CWM","",145.25,"-",-0.6,107.2,0,"","",-97.014722,32.954444,"Coppell","TX","",30,"",""," ","2009-12-27 15:57:23","USA",0,0,0,0,0
"26050","K5FR","KA5R",442.75,"5",447.75,110.9,0,"ALLIANCE AMATEUR RADIO CLUB","OPEN CLUB REPEATER",-97.0916748047,33.0086634946,"TROPHY CLUB","TX","76262",35,"","","P","2010-01-07 06:36:59","USA",180,9,180,9,250
"5418","K5XG","K5XG",443.825,"+",5,110.9,0,"","",-96.9173151254654,33.2103983600977,"Dallas","TX","",60,"",""," ","2011-04-27 23:03:49","USA",0,0,0,0,0
"12616","K5ZYZ","",146.61,"-",-0.6,110.9,0,"","",-96.89,32.953611,"Carrollton","TX","",30,"",""," ","2009-12-27 15:57:23","USA",0,0,0,0,0
"15973","N5UA","N5UA/R",444.675,"+",5,110.9,0,"N5UA","Echolink Node 257890",-96.7054710409,32.9945549522,"Richardson","Texas","75080",50,"",""," ","2010-01-05 15:48:30","USA",300,9,300,9,110
"5778","N5EOC","",444.7,"+",5,110.9,0,"","",-97.133889,32.941111,"Southlake","TX","",20,"",""," ","2009-12-27 15:57:23","USA",0,0,0,0,0
"5777","N5LLH","",443.075,"+",5,0,0,"","",-97.133889,32.941111,"Southlake","TX","",20,"",""," ","2009-12-27 15:57:23","USA",0,0,0,0,0
"5776","N1OZ","",442.175,"+",5,0,0,"","",-97.133889,32.941111,"Southlake","TX","",20,"",""," ","2009-12-27 15:57:23","USA",0,0,0,0,0
"5578","NT5J","",443.175,"+",5,100,0,"","",-97.251389,32.934444,"Keller","TX","",20,"",""," ","2009-12-27 15:57:23","USA",0,0,0,0,0
"5579","N5ABV","",443.3,"+",5,0,0,"","",-97.251389,32.934444,"Keller","TX","",20,"",""," ","2009-12-27 15:57:23","USA",0,0,0,0,0
"12868","W5FKN","",145.17,"-",-0.6,110.9,0,"","",-97.10073,33.131622,"Corinth","TX","76210",30,"",""," ","2010-01-04 10:07:10","USA",380,3,380,3,80
"5275","WB5NDJ","",443.55,"+",5,110.9,0,"","",-97.183056,33.121111,"Argyle","TX","",20,"",""," ","2009-12-27 15:57:23","USA",0,0,0,0,0
"5518","K9MK","",444.325,"+",5,0,0,"","",-97.3475,32.974722,"Haslet","TX","",20,"",""," ","2009-12-27 15:57:23","USA",0,0,0,0,0
"12565","WB5IDM","",147.16,"+",0.6,110.9,0,"","",-97.536667,32.8925,"Azle","TX","",30,"",""," ","2009-12-27 15:57:23","USA",0,0,0,0,0
"26094","WB5IDM","",927.2375,"-",-25,110.9,0,"","",-97.5455474854,32.8947230492,"Azle","TX","",20,"",""," ","2010-01-06 22:20:27","USA",0,0,0,0,0
"5715","WD5M","",446.05," ",0,110.9,0,"","",-97.471667,33.053333,"Rhome","TX","",20,"",""," ","2009-12-27 15:57:23","USA",0,0,0,0,0
"13096","W0BOD","",145.25,"-",-0.6,103.5,0,"","",-97.796944,32.759167,"Weatherford","TX","",30,"",""," ","2009-12-27 15:57:23","USA",0,0,0,0,0
"13098","W5URH","",147.04,"+",0.6,110.9,0,"","",-97.796944,32.759167,"Weatherford","TX","",30,"",""," ","2009-12-27 15:57:23","USA",0,0,0,0,0
"13097","KG5CW","",146.9,"-",-0.6,110.9,0,"","",-97.796944,32.759167,"Weatherford","TX","",30,"",""," ","2009-12-27 15:57:23","USA",0,0,0,0,0
"16620","K5RNB","",145.26,"-",-0.6,100,0,"Patrick Parks","",-97.065556,33.328333,"Aubrey","TX","",50,"",""," ","2013-01-11 14:13:41","USA",930,6,930,6,90
"12678","W5NGU","",146.92,"-",-0.6,110.9,0,"","",-97.1276807785034,33.2294263455687,"Denton","TX","",30,"",""," ","2012-07-03 06:41:37","USA",250,0,250,0,90
"12592","K5JEJ","",146.98,"-",-0.6,0,0,"","",-97.565,33.078611,"Boyd","TX","",30,"",""," ","2009-12-27 15:57:23","USA",0,0,0,0,0
"5324","W5OYS","",444.825,"+",5,110.9,0,"","",-97.565,33.078611,"Boyd","TX","",20,"",""," ","2009-12-27 15:57:23","USA",0,0,0,0,0
"5599","W5FKN","",442.925,"+",5,110.9,0,"","",-97.391116,33.362734,"Slidell","TX","",20,"","","D","2009-12-27 15:57:23","USA",0,0,0,0,0
"12676","W5FB","",146.78,"-",-0.6,131.8,0,"","",-97.585833,33.234167,"Decatur","TX","",30,"",""," ","2009-12-27 15:57:23","USA",0,0,0,0,0
"5427","KA5PQK","",444.4,"+",5,156.7,0,"","",-97.585833,33.234167,"Decatur","TX","",40,"",""," ","2010-09-18 16:05:31","USA",0,0,0,0,0
"12949","KJ5HO","",146.62,"-",-0.6,131.8,0,"","",-97.686944,33.15,"Paradise","TX","",30,"",""," ","2009-12-27 15:57:23","USA",0,0,0,0,0
"5688","KJ5HO","",441.925,"+",5,173.8,0,"","",-97.686944,33.15,"Paradise","TX","",20,"",""," ","2009-12-27 15:57:23","USA",0,0,0,0,0
"23257","WD5U","WD5U",145.49,"-",-0.6,85.4,0,"","",-97.4124197957,33.4852900961,"Rosston","TX","",60,"",""," ","2010-01-06 15:22:25","USA",1500,6,1500,6,50
"15998","N6LXX","N6LXX",443.7375,"+",5,141.3,0,"N6LXX / SIX-SHOOTERS","",-97.4124444444,33.4848611111,"Rosston","TX","76238",60,"",""," ","2010-01-05 13:22:41","Cooke",1500,6,1500,6,80
"12935","N5VAV","",147.36,"+",0.6,110.9,0,"","",-97.7261352539062,33.7711567283291,"Nocona","TX","",30,"",""," ","2012-01-17 04:34:23","USA",0,0,0,0,0
"12591","W5QT","",145.39,"-",-0.6,192.8,0,"","",-97.848333,33.558889,"Bowie","TX","",30,"",""," ","2009-12-27 15:57:23","USA",0,0,0,0,0
"12787","KB5ATE","",146.86,"-",-0.6,192.8,0,"","",-98.195,33.817222,"Henrietta","TX","",30,"",""," ","2009-12-27 15:57:23","USA",0,0,0,0,0
"5521","K5REJ","",444.725,"+",5,192.8,0,"","",-98.195,33.817222,"Henrietta","TX","",20,"",""," ","2009-12-27 15:57:23","USA",0,0,0,0,0
"5522","KA5WLR","",444.85,"+",5,192.8,0,"","",-98.195,33.817222,"Henrietta","TX","",20,"",""," ","2009-12-27 15:57:23","USA",0,0,0,0,0
"12785","K5REL","",146.68,"-",-0.6,192.8,0,"","",-98.195,33.817222,"Henrietta","TX","",30,"",""," ","2009-12-27 15:57:23","USA",0,0,0,0,0
"12786","KA5WLR","",146.8,"-",-0.6,192.8,0,"","",-98.195,33.817222,"Henrietta","TX","",30,"",""," ","2009-12-27 15:57:23","USA",0,0,0,0,0
"12788","K5REJ","",147.32,"+",0.6,192.8,0,"","",-98.195,33.817222,"Henrietta","TX","",30,"",""," ","2009-12-27 15:57:23","USA",0,0,0,0,0
"12611","KD5GZW","",146.82,"-",-0.6,192.8,0,"","",-98.190278,34.068056,"Byers","TX","",30,"",""," ","2009-12-27 15:57:23","USA",0,0,0,0,0
"12544","W5GPO","",146.84,"-",-0.6,192.8,0,"","",-98.625278,33.595556,"Archer City","TX","",30,"",""," ","2009-12-27 15:57:23","USA",0,0,0,0,0
"13103","WX5TWS","",145.15,"-",-0.6,0,0,"","",-98.493056,33.913611,"Wichita Falls","TX","",30,"",""," ","2009-12-27 15:57:23","USA",0,0,0,0,0
"5837","N5LEZ","",444.975,"+",5,192.8,0,"","",-98.493056,33.913611,"Wichita Falls","TX","",20,"",""," ","2009-12-27 15:57:23","USA",0,0,0,0,0
"5836","N5AAJ","",444.95,"+",5,192.8,0,"","",-98.493056,33.913611,"Wichita Falls","TX","",20,"",""," ","2009-12-27 15:57:23","USA",0,0,0,0,0
"5835","W5GPO","",444.8,"+",5,192.8,0,"","",-98.493056,33.913611,"Wichita Falls","TX","",20,"",""," ","2009-12-27 15:57:23","USA",0,0,0,0,0
"5834","K5HRO","",444.775,"+",5,173.8,0,"","",-98.493056,33.913611,"Wichita Falls","TX","",20,"",""," ","2009-12-27 15:57:23","USA",0,0,0,0,0
"5833","KD5INN","",444.75,"+",5,192.8,0,"","",-98.493056,33.913611,"Wichita Falls","TX","",20,"",""," ","2009-12-27 15:57:23","USA",0,0,0,0,0
"5832","N5AAJ","",444.675,"+",5,192.8,0,"","",-98.493056,33.913611,"Wichita Falls","TX","",20,"",""," ","2009-12-27 15:57:23","USA",0,0,0,0,0
"5831","WX5TWS","",444.525,"+",5,0,0,"","",-98.493056,33.913611,"Wichita Falls","TX","",20,"",""," ","2009-12-27 15:57:23","USA",0,0,0,0,0
"5830","K5WFT","",444.325,"+",5,192.8,0,"","",-98.493056,33.913611,"Wichita Falls","TX","",20,"",""," ","2009-12-27 15:57:23","USA",0,0,0,0,0
"5829","WB5ALR","",444.2,"+",5,0,0,"","",-98.493056,33.913611,"Wichita Falls","TX","",20,"",""," ","2009-12-27 15:57:23","USA",0,0,0,0,0
"5828","N5WF","",444,"+",5,192.8,0,"","",-98.493056,33.913611,"Wichita Falls","TX","",20,"",""," ","2009-12-27 15:57:23","USA",0,0,0,0,0
"5827","W5DAD","",442.525,"+",5,0,0,"","",-98.493056,33.913611,"Wichita Falls","TX","",20,"",""," ","2009-12-27 15:57:23","USA",0,0,0,0,0
"13104","WB2NQV","",145.27,"-",-0.6,192.8,0,"","",-98.493056,33.913611,"Wichita Falls","TX","",30,"",""," ","2009-12-27 15:57:23","USA",0,0,0,0,0
"13105","KD5INN","",146.62,"-",-0.6,156.7,0,"","",-98.493056,33.913611,"Wichita Falls","TX","",30,"",""," ","2009-12-27 15:57:23","USA",0,0,0,0,0
"13106","K5WFT","",146.66,"-",-0.6,192.8,0,"","",-98.493056,33.913611,"Wichita Falls","TX","",30,"",""," ","2009-12-27 15:57:23","USA",0,0,0,0,0
"13107","W5US","",146.94,"-",-0.6,192.8,0,"","",-98.493056,33.913611,"Wichita Falls","TX","",30,"",""," ","2009-12-27 15:57:23","USA",0,0,0,0,0
"13108","W5GPO","",147.06,"+",0.6,156.7,0,"","",-98.493056,33.913611,"Wichita Falls","TX","",30,"",""," ","2009-12-27 15:57:23","USA",0,0,0,0,0
"13109","N5LEZ","",147.12,"+",0.6,192.8,0,"","",-98.493056,33.913611,"Wichita Falls","TX","",30,"",""," ","2009-12-27 15:57:23","USA",0,0,0,0,0
"13110","N5WF","",147.14,"+",0.6,192.8,0,"","",-98.493056,33.913611,"Wichita Falls","TX","",30,"",""," ","2009-12-27 15:57:23","USA",0,0,0,0,0
"5344","W5XBK","",444.025,"+",5,192.8,0,"","",-98.570278,34.097778,"Burkburnett","TX","",20,"",""," ","2009-12-27 15:57:23","USA",0,0,0,0,0
"12608","W5XBK","",146.88,"-",-0.6,192.8,0,"","",-98.570278,34.097778,"Burkburnett","TX","",30,"",""," ","2009-12-27 15:57:23","USA",0,0,0,0,0
"12607","W5DAD","",146.7,"-",-0.6,192.8,0,"","",-98.570278,34.097778,"Burkburnett","TX","",30,"",""," ","2009-12-27 15:57:23","USA",0,0,0,0,0
"5345","W5DAD","",444.5,"+",5,192.8,0,"","",-98.570278,34.097778,"Burkburnett","TX","",20,"",""," ","2009-12-27 15:57:23","USA",0,0,0,0,0
"15928","WX5LAW","",444.075,"+",5,123,0,"","",-98.4929895401,34.7367458073,"Medicine Park","OK","",55,"",""," ","2010-01-01 22:58:09","USA",1870,8,1870,8,70
"12825","N5JRF","",145.49,"-",-0.6,192.8,0,"","",-98.668333,33.951389,"Iowa Park","TX","",30,"",""," ","2009-12-27 15:57:23","USA",0,0,0,0,0
"11825","KB5LLI","",147.255,"+",0.6,192.8,0,"","",-98.6805725097656,34.2345123623699,"Grandfield","OK","",40,"",""," ","2009-12-27 15:57:23","USA",0,0,0,0,0
"15926","WX5LAW","",442.2,"+",5,123,0,"Lawton Independent Repeater Alliance","",-98.7216424942,34.2158478611,"Grandfield","OK","",50,"",""," ","2010-01-05 11:43:58","USA",1462,8,1462,8,75
"13083","NC5Z","",147.02,"+",0.6,0,0,"","",-99.264722,34.154444,"Vernon","TX","",30,"",""," ","2009-12-27 15:57:23","USA",0,0,0,0,0
"5804","NC5Z","",444.15,"+",5,0,0,"","",-99.264722,34.154444,"Vernon","TX","",20,"",""," ","2009-12-27 15:57:23","USA",0,0,0,0,0
"13084","N5LEZ","",147.16,"+",0.6,192.8,0,"","",-99.264722,34.154444,"Vernon","TX","",30,"",""," ","2009-12-27 15:57:23","USA",0,0,0,0,0
"4680","WX5LAW","",443.3,"+",5,0,0,"Lawton Independent Repeater Alliance","",-99.1484355926514,34.6950497965519,"Headrick","OK","",60,"",""," ","2010-01-01 23:14:13","USA",2100,6,2100,6,15
"22046","N5VX","WX5ASA",146.79,"-",-0.6,100,0,"Altus Skywarn Association","wx5asa.blogspot.com",-99.1488647460938,34.6896863475893,"Altus","OK","73521",50,"","","P","2012-09-22 23:42:40","US",0,0,0,0,0
"22047","N5VX","WX5ASA",147.285,"+",0.6,100,0,"Altus Skywarn Association","",-99.3390655517578,34.6346203413782,"Altus","OK","73521",30,"",""," ","2013-01-22 13:30:33","US",150,3,150,3,50
"11845","KB5LLI","",146.715,"-",-0.6,0,0,"SWIRA","",-99.380278,34.962222,"Granite","OK","",50,"",""," ","2009-12-27 15:57:23","USA",0,0,0,0,0
"26628","WA5TDT","WA5TDT",445.9125," ",0,85.4,0,"","Remote Base",-99.7492375379,34.2991673901,"Quanah","TX","79252",40,"","","R","2011-02-24 01:50:42","USA",75,6,75,6,50
"26629","WA5TDT","WA5TDT",445.9125," ",0,85.4,0,"","Remote Base",-100.003000261,34.2977847256,"Paducah","TX","",40,"","","R","2011-02-24 01:20:37","USA",75,6,75,6,50
"26626","WA5TDT","WA5TDT",445.9125," ",0,85.4,0,"","Remote Base",-100.159980298,34.3791104619,"Childress","TX","",50,"","","R","2011-02-24 00:50:47","",75,6,75,6,50
"12627","N5OX","",146.96,"-",-0.6,0,0,"","",-100.203611,34.426389,"Childress","TX","",30,"",""," ","2009-12-27 15:57:23","USA",0,0,0,0,0
"12948","KE5ZR","",146.9,"-",-0.6,0,0,"W5TSV","",-101.026781201363,35.5082866036758,"Pampa","TX","",35,"",""," ","2010-01-04 11:02:42","USA",400,9,400,9,100
"15172","N5LTZ","N5LTZ",444.4,"+",5,88.5,0,"","",-101.026792377124,35.5082866036758,"Pampa","TX","",40,"",""," ","2010-01-05 05:15:43","USA",300,7,300,7,100
"25901","WX5CRI","",444.575,"+",5,88.5,0,"","",-101.563539505,34.8228931875,"Wayside","TX","",40,"",""," ","2010-01-06 21:44:27","USA",350,6,350,6,70
"12590","KA5VVS","",147.06,"+",0.6,0,0,"Northwest Texas ARC","",-101.445178985596,35.6355347166026,"Borger","TX","79007",35,"",""," ","2010-01-07 13:13:40","USA",150,0,0,0,28
"12537","N5ZLU","",146.74,"-",-0.6,88.5,0,"","",-101.815122663975,35.1000292988439,"Amarillo","TX","",30,"",""," ","2009-12-27 15:57:23","USA",0,0,0,0,0
"5262","N5LUL","",441.65,"+",4,0,0,"","",-101.830833,35.221944,"Amarillo","TX","",20,"","","D","2009-12-27 15:57:23","USA",0,0,0,0,0
"12538","N5LTZ","",146.92,"-",-0.6,0,0,"","",-101.830833,35.221944,"Amarillo","TX","",30,"","","D","2009-12-27 15:57:23","USA",0,0,0,0,0
"5266","W5WX","",444.475,"+",5,88.5,0,"","",-101.830833,35.221944,"Amarillo","TX","",20,"","","D","2009-12-27 15:57:23","USA",0,0,0,0,0
"5264","N5LTZ","N5LTZ",444.2,"+",5,88.5,0,"","",-101.847247481346,35.2390691698093,"Amarillo","TX","",40,"",""," ","2010-01-02 02:52:34","USA",350,7,350,7,140
"14819","KA3IDN","",927.1625,"-",-25,151.4,0,"","",-101.847247481346,35.2390691698093,"Amarillo","TX","",20,"",""," ","2009-12-27 15:57:23","USA",0,0,0,0,0
"14812","WR5FM","",444.525,"+",5,146.2,0,"","",-101.860449314117,35.223728447525,"Amarillo","TX","",30,"",""," ","2009-12-27 15:57:23","USA",,,,,
"5263","KC5EZO","",444.05,"+",5,88.5,0,"","",-101.900664,35.134531,"Amarillo","TX","79109",30,"",""," ","2009-12-27 15:57:23","USA",,,,,
"12536","W5WX","",146.66,"-",-0.6,88.5,0,"","",-101.953838467598,35.17355837718,"Amarillo","TX","",30,"",""," ","2009-12-27 15:57:23","USA",0,0,0,0,0
"5265","N5LTZ","N5LTZ",443.65,"+",5,88.5,0,"","",-101.951193809509,35.0000988352274,"Canyon","TX","",40,"",""," ","2010-01-02 03:14:15","USA",400,7,400,7,100
"14811","N5LUL","",52.65,"-",-1.15,127.3,0,"","",-101.882593631744,35.3749317835464,"Amarillo","TX","",60,"",""," ","2009-12-27 15:57:23","USA",0,0,0,0,0
"12539","W5WX","",146.94,"-",-0.6,88.5,0,"","",-101.882593631744,35.3749317835464,"Amarillo","TX","",30,"",""," ","2009-12-27 15:57:23","USA",0,0,0,0,0
"14914","N5LTZ","N5LTZ",444.35,"+",5,88.5,0,"","",-101.964733,35.920784,"Dumas","TX","",40,"",""," ","2010-01-02 03:26:26","USA",350,6,350,6,100
"12686","AD5GJ","",147.14,"+",0.6,88.5,0,"","",-101.972778,35.865556,"Dumas","TX","",30,"",""," ","2009-12-27 15:57:23","USA",0,0,0,0,0
"11049","N5BOP","",146.85,"-",-0.6,100,0,"","",-103.833611,36.761111,"Des Moines","NM","",30,"",""," ","2009-12-27 15:57:23","USA",0,0,0,0,0
"3840","N5BOP","",444.8,"+",5,77,0,"","",-103.833611,36.761111,"Des Moines","NM","",20,"",""," ","2009-12-27 15:57:23","USA",0,0,0,0,0
"11086","NM5ML","",147.28,"+",0.6,100,0,"","",-104.438611,36.903333,"Raton","NM","",30,"",""," ","2009-12-27 15:57:23","USA",0,0,0,0,0
"971","KC0CVU","",449.6,"-",-5,107.2,0,"","",-104.474047422409,36.9924844390071,"Trinidad","CO","",20,"",""," ","2009-12-27 15:57:23","USA",0,0,0,0,0
"14824","KE5CJ","",145.15,"-",-0.6,0,0,"","",-104.521404504776,37.1691741691305,"Trinidad","CO","81082",20,"",""," ","2009-12-27 15:57:23","USA",0,0,0,0,0
"26335","KD0LDY","KD0LDY",444.1,"+",5,199.5,0,"","Private Repeater",-104.781793445,37.6319916176,"Walsenburg","Colorado","81089",20,"","","H","2010-08-23 21:42:25","USA",350,7,350,7,50
"966","K9ROD","",447.45,"-",-5,123,0,"Privately Owned","",-104.932050704956,37.9080099267255,"Rye","CO","81069",15,"",""," ","2009-12-27 15:57:23","USA",,,,,
"974","KB0TUC","",448.15,"-",-5,103.5,0,"","",-105.465278,38.134722,"Westcliffe","CO","",20,"",""," ","2009-12-27 15:57:23","USA",0,0,0,0,0
"898","KB0SRJ","",448.45,"-",-5,0,0,"","",-105.04441,38.840597,"Colorado Springs","CO","",140,"",""," ","2013-01-21 23:18:05","USA",100,6,100,6,50
"14792","N9GDM","",147.075,"+",0.6,67,0,"MIKE'S REPEATER","",-105.367126464844,39.4743654748612,"CONIFER","CO","80433",80,"",""," ","2009-12-27 15:57:23","USA",0,0,0,0,0
"967","KC0CVU","",449.65,"-",-5,0,0,"","",-105.998333,38.534722,"Salida","CO","",20,"",""," ","2009-12-27 15:57:23","USA",0,0,0,0,0
"948","K5GF","",449.95,"-",-5,0,0,"","",-106.924722,38.545833,"Gunnison","CO","",20,"",""," ","2009-12-27 15:57:23","USA",0,0,0,0,0
